{"initial_reset_timestamp": 13840.3298696, "timestamps": [13842.7208159, 13844.3640192, 13845.5691231], "episode_lengths": [30, 30, 30], "episode_rewards": [20.02022116903634, 21.020221169036326, 20.02022116903634], "episode_types": ["t", "t", "t"]}