{"initial_reset_timestamp": 48.0700605, "timestamps": [48.6228184, 49.9992085, 50.2256482], "episode_lengths": [7, 25, 5], "episode_rewards": [5.2660439427910966, 20.866666666666674, 3.533333333333333], "episode_types": ["t", "t", "t"]}